-- phpMyAdmin SQL Dump
-- version 4.6.4
-- https://www.phpmyadmin.net/
--
-- Хост: 127.0.0.1
-- Время создания: Мар 10 2017 г., 05:37
-- Версия сервера: 5.7.14
-- Версия PHP: 5.6.25

SET SQL_MODE = "NO_AUTO_VALUE_ON_ZERO";
SET time_zone = "+00:00";


/*!40101 SET @OLD_CHARACTER_SET_CLIENT=@@CHARACTER_SET_CLIENT */;
/*!40101 SET @OLD_CHARACTER_SET_RESULTS=@@CHARACTER_SET_RESULTS */;
/*!40101 SET @OLD_COLLATION_CONNECTION=@@COLLATION_CONNECTION */;
/*!40101 SET NAMES utf8mb4 */;

--
-- База данных: `test_db`
--

-- --------------------------------------------------------

--
-- Структура таблицы `data`
--

CREATE TABLE `data` (
  `id` int(11) NOT NULL,
  `date` date DEFAULT NULL,
  `value` int(11) DEFAULT NULL
) ENGINE=MyISAM DEFAULT CHARSET=cp1251;

--
-- Дамп данных таблицы `data`
--

INSERT INTO `data` (`id`, `date`, `value`) VALUES
(1, '2017-03-01', 1234),
(2, '2017-03-01', 1234),
(3, '2017-03-02', 123),
(4, '2017-03-03', 12),
(5, '2017-03-04', 34),
(6, '2017-03-05', 23),
(7, '2017-03-06', 234),
(8, '2017-03-07', 432),
(9, '2017-01-01', 457),
(10, '2017-02-01', 1653);

-- --------------------------------------------------------

--
-- Структура таблицы `info`
--

CREATE TABLE `info` (
  `id` int(11) NOT NULL,
  `name` varchar(255) DEFAULT NULL,
  `desc` text
) ENGINE=MyISAM DEFAULT CHARSET=cp1251;

--
-- Дамп данных таблицы `info`
--

INSERT INTO `info` (`id`, `name`, `desc`) VALUES
(1, 'test info', 'Идейные соображения высшего порядка, а также консультация с широким активом требуют от нас анализа направлений прогрессивного развития. Задача организации, в особенности же рамки и место обучения кадров требуют от нас анализа позиций, занимаемых участниками в отношении поставленных задач. Равным образом консультация с широким активом играет важную роль в формировании существенных финансовых и административных условий.'),
(2, 'test info2', 'Таким образом новая модель организационной деятельности способствует подготовки и реализации соответствующий условий активизации. Равным образом дальнейшее развитие различных форм деятельности позволяет выполнять важные задания по разработке соответствующий условий активизации. Таким образом постоянное информационно-пропагандистское обеспечение нашей деятельности в значительной степени обуславливает создание новых предложений. Равным образом консультация с широким активом в значительной степени обуславливает создание позиций, занимаемых участниками в отношении поставленных задач. Не следует, однако забывать, что новая модель организационной деятельности способствует подготовки и реализации существенных финансовых и административных условий.'),
(3, 'test info3', 'Товарищи! дальнейшее развитие различных форм деятельности требуют определения и уточнения направлений прогрессивного развития. Не следует, однако забывать, что сложившаяся структура организации в значительной степени обуславливает создание модели развития. Повседневная практика показывает, что рамки и место обучения кадров требуют от нас анализа систем массового участия. Разнообразный и богатый опыт постоянный количественный рост и сфера нашей активности требуют от нас анализа дальнейших направлений развития.'),
(4, 'test info4', 'Равным образом рамки и место обучения кадров требуют определения и уточнения новых предложений. С другой стороны укрепление и развитие структуры требуют от нас анализа форм развития. Значимость этих проблем настолько очевидна, что консультация с широким активом требуют от нас анализа системы обучения кадров, соответствует насущным потребностям. Таким образом постоянное информационно-пропагандистское обеспечение нашей деятельности требуют определения и уточнения существенных финансовых и административных условий.'),
(5, 'test info5', 'Идейные соображения высшего порядка, а также консультация с широким активом позволяет выполнять важные задания по разработке форм развития. Не следует, однако забывать, что реализация намеченных плановых заданий способствует подготовки и реализации форм развития. Разнообразный и богатый опыт сложившаяся структура организации позволяет выполнять важные задания по разработке дальнейших направлений развития. Повседневная практика показывает, что новая модель организационной деятельности требуют определения и уточнения системы обучения кадров, соответствует насущным потребностям. Повседневная практика показывает, что постоянное информационно-пропагандистское обеспечение нашей деятельности способствует подготовки и реализации новых предложений.'),
(6, 'test info6', 'Разнообразный и богатый опыт сложившаяся структура организации позволяет выполнять важные задания по разработке дальнейших направлений развития. Повседневная практика показывает, что новая модель организационной деятельности требуют определения и уточнения системы обучения кадров, соответствует насущным потребностям.'),
(7, 'test info7', 'Равным образом консультация с широким активом в значительной степени обуславливает создание позиций, занимаемых участниками в отношении поставленных задач. Не следует, однако забывать, что новая модель организационной деятельности способствует подготовки и реализации существенных финансовых и административных условий.'),
(8, 'test info8', 'Повседневная практика показывает, что рамки и место обучения кадров требуют от нас анализа систем массового участия. Разнообразный и богатый опыт постоянный количественный рост и сфера нашей активности требуют от нас анализа дальнейших направлений развития.'),
(9, 'test info9', 'Значимость этих проблем настолько очевидна, что консультация с широким активом требуют от нас анализа системы обучения кадров, соответствует насущным потребностям. Таким образом постоянное информационно-пропагандистское обеспечение нашей деятельности требуют определения и уточнения существенных финансовых и административных условий.'),
(10, 'test info10', 'Разнообразный и богатый опыт сложившаяся структура организации позволяет выполнять важные задания по разработке дальнейших направлений развития. Повседневная практика показывает, что новая модель организационной деятельности требуют определения и уточнения системы обучения кадров, соответствует насущным потребностям. Повседневная практика показывает, что постоянное информационно-пропагандистское обеспечение нашей деятельности способствует подготовки и реализации новых предложений.');

-- --------------------------------------------------------

--
-- Структура таблицы `link`
--

CREATE TABLE `link` (
  `data_id` int(11) NOT NULL,
  `info_id` int(11) NOT NULL
) ENGINE=MyISAM DEFAULT CHARSET=cp1251;

--
-- Дамп данных таблицы `link`
--

INSERT INTO `link` (`data_id`, `info_id`) VALUES
(1, 1),
(1, 2),
(1, 3),
(1, 4),
(1, 5),
(1, 6),
(1, 7),
(1, 8),
(1, 9),
(1, 10),
(2, 1),
(3, 1),
(4, 1),
(5, 1),
(6, 1),
(7, 1),
(8, 1),
(9, 1),
(10, 1);

--
-- Индексы сохранённых таблиц
--

--
-- Индексы таблицы `data`
--
ALTER TABLE `data`
  ADD PRIMARY KEY (`id`);

--
-- Индексы таблицы `info`
--
ALTER TABLE `info`
  ADD PRIMARY KEY (`id`);

--
-- Индексы таблицы `link`
--
ALTER TABLE `link`
  ADD KEY `data_id` (`data_id`),
  ADD KEY `info_id` (`info_id`);

--
-- AUTO_INCREMENT для сохранённых таблиц
--

--
-- AUTO_INCREMENT для таблицы `data`
--
ALTER TABLE `data`
  MODIFY `id` int(11) NOT NULL AUTO_INCREMENT, AUTO_INCREMENT=11;
--
-- AUTO_INCREMENT для таблицы `info`
--
ALTER TABLE `info`
  MODIFY `id` int(11) NOT NULL AUTO_INCREMENT, AUTO_INCREMENT=11;
/*!40101 SET CHARACTER_SET_CLIENT=@OLD_CHARACTER_SET_CLIENT */;
/*!40101 SET CHARACTER_SET_RESULTS=@OLD_CHARACTER_SET_RESULTS */;
/*!40101 SET COLLATION_CONNECTION=@OLD_COLLATION_CONNECTION */;
